location_i;city_state_x;region_c;milepost_i;latitude;longitude
62850;ОЗИНКИ-ЭКСПОРТ_РФ;НОД-12;66500;51°17'55'';50°2'15''
66000;Кандыагаш (бывш. Кандагач);НОД-11;66000;49°23'32'';57°20'33''
66003;Разъезд    6 км;НОД-11;66003;49°21'40'';57°17'24''
66010;Байтерек (рзд);НОД-13;66010;47°20'57'';53°26'10''
66020;Разъезд № 315;НОД-11;66020;49°17'38'';57°10'33''
66030;Темир;НОД-11;66030;49°15'5'';57°1'44''
66032;Калмаккырган (бывш. Калмыкарган);НОД-11;66032;49°11'3'';56°44'6''
66040;Жаксымай;НОД-11;66040;49°9'1'';56°34'16''
66050;Шубаркудык;НОД-11;66050;49°5'37'';56°23'54''
66051;Кенжалы (бывш. Кинжалы);НОД-11;66051;48°54'37'';56°8'23''
66060;Караулкелды;НОД-11;66060;48°41'37'';55°50'2''
66061;Рзд 174 КМ;НОД-11;66061;48°35'53'';55°38'34''
66063;Оп 202 км;НОД-11;66063;48°27'7'';55°14'53''
66070;Ногайты (бывш. Нугайты);НОД-11;66070;48°21'58'';55°2'23''
66071;Разъезд  236 км;НОД-11;66071;48°18'17'';54°49'55''
66080;Сагиз;НОД-13;66080;48°14'23'';54°36'46''
66081;Разъезд  265 км;НОД-13;66081;48°12'20'';54°29'50''
66082;Разъезд  279 км;НОД-13;66082;48°9'28'';54°20'8''
66083;Мукур;НОД-13;66083;48°6'23'';54°9'45''
66084;Жантерек;НОД-13;66084;48°1'28'';53°53'8''
66085;Кенбай (рзд);НОД-13;66085;47°58'23'';53°42'45''
66090;Менлибай;НОД-9;66090;42°31'37'';70°1'9''
66100;Жамансор;НОД-13;66100;47°54'5'';53°28'12''
66101;Рзд 377 КМ;НОД-13;66101;47°50'44'';53°10'55''
66110;Макат;НОД-13;66110;47°48'33'';52°59'38''
66111;Разъезд №  472;НОД-13;66111;47°38'5'';53°9'45''
66113;Разъезд №  470;НОД-13;66113;47°15'17'';53°31'48''
66114;Разъезд №  469;НОД-13;66114;47°2'57'';53°43'42''
66115;Разъезд  402 км;НОД-13;66115;47°46'50'';52°54'34''
66120;Карабатано;НОД-13;66120;47°36'9'';52°19'31''
66130;Доссор;НОД-13;66130;47°42'42'';52°42'26''
66131;Разъезд 441 км;НОД-13;66131;47°41'16'';52°38'7''
66132;Рзд 414 КМ;НОД-13;66132;47°44'46'';52°48'30''
66140;Искине;НОД-13;66140;47°39'44'';52°33'30''
66141;Таскескен (рзд);НОД-13;66141;47°38'1'';52°26'47''
66143;Рзд 496 КМ;НОД-13;66143;47°32'37'';52°9'37''
66150;Тендык;НОД-13;66150;47°29'35'';52°1'8''
66160;Акжайык;НОД-13;66160;47°21'53'';51°50'6''
66170;Атырау;НОД-13;66170;47°22'2'';51°39'23''
66180;Махамбет;НОД-13;66180;47°28'7'';51°20'35''
66181;Туманное (рзд);НОД-13;66181;47°27'22'';51°4'7''
66182;Разъезд № 16-C;НОД-13;66182;47°26'58'';50°55'0''
66183;Баксай;НОД-13;66183;47°26'38'';50°47'7''
66190;Махамбет (эксп.);НОД-13;66180;47°28'7'';51°20'35''
66200;Дины Нурпеисовой (рзд) (эксп);НОД-13;66240;47°0'17'';48°20'12''
66210;Ак-Кистау;НОД-13;66210;47°26'17'';50°39'13''
66211;Разъезд № 15-A;НОД-13;66211;47°24'0'';50°29'45''
66212;Разъезд № 14-B;НОД-13;66212;47°21'43'';50°20'17''
66213;Нарын (рзд);НОД-13;66213;47°19'35'';50°11'27''
66220;Сазанкурак (бывш. Разъезд №   12);НОД-13;66220;47°17'27'';50°2'37''
66221;Разъезд № 11;НОД-13;66221;47°15'10'';49°53'9''
66222;Исатай;НОД-13;66222;47°13'1'';49°44'19''
66223;Разъезд № 10;НОД-13;66223;47°10'53'';49°35'29''
66224;Разъезд № 9-B;НОД-13;66224;47°8'36'';49°26'1''
66225;Афанасьево (рзд);НОД-13;66225;47°6'37'';49°17'49''
66226;Разъезд № 7-A;НОД-13;66226;47°4'20'';49°8'21''
66227;Разъезд № 6-A;НОД-13;66227;47°2'21'';49°0'9''
66230;Ганюшкино;НОД-13;66230;47°0'50'';48°53'50''
66231;Разъезд № 5-B;НОД-13;66231;47°0'41'';48°44'35''
66232;Разъезд № 4-B;НОД-13;66232;47°0'29'';48°31'58''
66240;Дины Нурпеисовой (рзд);НОД-13;66240;47°0'17'';48°20'12''
66250;Кульсары;НОД-13;66250;46°50'38'';53°55'37''
66251;Разъезд №  468;НОД-13;66251;46°42'41'';53°59'36''
66252;Разъезд №  467;НОД-13;66252;46°34'44'';54°3'35''
66254;Разъезд №  465;НОД-13;66254;46°15'19'';54°15'44''
66260;Опорная;НОД-14;66260;46°4'17'';54°23'42''
66261;Разъезд №  464;НОД-14;66261;45°58'32'';54°28'36''
66262;Разъезд №  463;НОД-14;66262;45°52'29'';54°33'47''
66264;Разъезд №  461;НОД-14;66264;45°36'35'';54°48'14''
66265;Разъезд №  460;НОД-14;66265;45°27'49'';54°56'39''
66270;Акжигит;НОД-14;66270;45°2'16'';55°34'2''
66271;Кзыл-Аскер (рзд);НОД-14;66271;45°8'12'';55°22'27''
66280;Бейнеу;НОД-14;66280;45°16'18'';55°7'42''
66291;Оазис (рзд);НОД-14;66291;44°55'19'';55°58'4''
66300;Устюрт;НОД-14;66300;44°52'57'';54°32'42''
66301;Рзд №   2-Г;НОД-14;66301;45°6'30'';54°54'4''
66310;Сай-Утес;НОД-14;66310;44°28'27'';53°38'55''
66311;Разъезд № 8-г;НОД-14;66311;44°17'18'';53°15'0''
66313;Разъезд № 10-Г;НОД-14;66313;44°14'29'';52°52'52''
66315;Разъезд № 12-Г;НОД-14;66315;44°10'27'';52°19'31''
66320;Шетпе;НОД-14;66320;44°6'40'';51°59'50''
66322;Разъезд № 15-B;НОД-14;66322;43°58'36'';51°39'33''
66330;Мангышлак;НОД-14;66330;43°42'31'';51°18'49''
66340;Актау-Порт (перев., эксп.);НОД-14;66350;43°41'8'';51°15'40''
66350;Актау-Порт;НОД-14;66350;43°41'8'';51°15'40''
66360;Ералиево;НОД-14;66360;43°13'58'';51°37'26''
66370;Жетыбай;НОД-14;66370;43°1'2'';51°59'9''
66380;Актау-Порт-Паром;НОД-14;66350;43°41'8'';51°15'40''
66390;Узень;НОД-14;66390;42°53'34'';52°35'3''
66391;Бастау;НОД-14;66391;42°47'36'';52°53'5''
66392;Акбобек;НОД-14;66392;42°39'33'';53°4'22''
66400;Разъезд № 1-A;НОД-14;66400;45°12'1'';55°1'48''
66410;Коркол (рзд);НОД-14;66410;45°44'49'';54°40'20''
66420;Бекбеке (рзд);НОД-13;66420;47°26'22'';53°21'4''
66430;Толтыр (рзд);НОД-13;66430;46°26'21'';54°7'47''
66440;Разъезд № 6-Г;НОД-14;66440;44°40'10'';54°5'34''
66450;Бопай;НОД-14;66450;42°32'12'';53°11'47''
66451;Тайгыр;НОД-14;66451;42°24'56'';53°17'31''
66452;Курмаш;НОД-14;66452;42°22'0'';53°45'24''
66453;Бестортколь;НОД-14;66453;42°20'3'';54°26'0''
66460;Болашак;НОД-14;66460;42°2'32'';54°43'49''
66470;Болашак (эксп);НОД-14;66460;42°2'32'';54°43'49''
66490;Семиглавый Мар (эксп.);НОД-12;66500;51°17'55'';50°2'15''
66500;Семиглавый Мар;НОД-12;66500;51°17'55'';50°2'15''
66505;Вавилино;НОД-12;66505;51°14'39'';50°8'20''
66510;Шипово;НОД-12;66510;51°11'5'';50°14'59''
66511;Родники (рзд);НОД-12;66511;51°11'5'';50°26'37''
66512;Оп 284 км;НОД-12;66512;51°11'5'';50°33'16''
66520;Деркул;НОД-12;66520;51°11'5'';50°39'5''
66530;Переметная;НОД-12;66530;51°14'34'';50°51'38''
66531;Оп 313 км;НОД-12;66531;51°16'13'';50°56'39''
66540;Ростошский (рзд);НОД-12;66540;51°17'41'';51°1'7''
66541;Кардон;НОД-12;66541;51°18'42'';51°7'11''
66550;Уральск-Товарная;НОД-12;66550;51°19'21'';51°11'3''
66560;Уральск;НОД-12;66560;51°18'58'';51°24'50''
66570;Разъезд №5;НОД-14;66570;44°46'41'';54°19'47''
66580;Рзд. 13;НОД-14;66580;44°8'47'';52°10'44''
66590;Кудыксай (рзд);НОД-11;66590;50°25'11'';60°11'15''
66600;Жилаево;НОД-12;66600;51°17'35'';51°38'5''
66610;Пойма;НОД-12;66610;51°16'28'';51°41'17''
66611;Колузаново (рзд);НОД-12;66611;51°16'8'';51°43'46''
66620;Жайык;НОД-12;66620;51°15'54'';51°45'34''
66621;Вербовый (рзд);НОД-12;66621;51°14'35'';51°55'8''
66622;Таксай (рзд);НОД-12;66622;51°13'24'';52°3'51''
66630;Алгабас;НОД-12;66630;51°12'5'';52°13'25''
66631;Оп Санкыбай;НОД-12;66631;51°12'6'';52°17'37''
66632;Ангаты (рзд);НОД-12;66632;51°12'8'';52°23'36''
66633;Гугня (рзд);НОД-12;66633;51°12'10'';52°29'36''
66634;Пепел (рзд);НОД-12;66634;51°12'12'';52°36'47''
66640;Казахстан;НОД-12;66640;51°12'13'';52°42'11''
66641;Жаркий (рзд);НОД-12;66641;51°11'38'';52°49'28''
66642;Сулусай (рзд);НОД-12;66642;51°11'7'';52°56'2''
66643;Оп Мазаново;НОД-12;66643;51°10'40'';53°1'52''
66650;Илецк I (эксп.);НОД-12;66690;51°15'47'';54°56'45''
66660;Амангельды;НОД-12;66660;51°10'5'';53°9'9''
66661;Оп Илек;НОД-12;66661;51°9'55'';53°19'29''
66662;Тузово;НОД-12;66662;51°9'42'';53°33'41''
66663;Успешный (рзд);НОД-12;66663;51°9'29'';53°47'53''
66670;Чингирлау;НОД-12;66670;51°9'14'';54°3'22''
66671;Уютный (рзд);НОД-12;66671;51°9'32'';54°11'2''
66673;Базырово (рзд);НОД-12;66673;51°10'5'';54°25'32''
66680;Цвилинга;НОД-12;66680;51°10'29'';54°35'46''
66681;Оп Ветлянка;НОД-12;66681;51°11'57'';54°41'33''
66682;Денной (рзд);НОД-12;66682;51°13'46'';54°48'47''
66690;Илецк I;НОД-12;66690;51°15'47'';54°56'45''
66700;КОМЫС-САЙ;НОД-11;66700;50°33'1'';56°49'29''
66710;Разъезд № 25;НОД-12;66710;51°12'12'';55°6'38''
66711;Земледелец (рзд);НОД-12;66711;51°10'49'';55°13'57''
66720;Чашкан;НОД-12;66720;51°9'51'';55°19'5''
66721;Разъезд № 27-B;НОД-12;66721;51°7'27'';55°24'17''
66722;Тавшон (рзд);НОД-12;66722;51°4'0'';55°31'43''
66730;Ак-Булак;НОД-12;66730;51°1'36'';55°36'55''
66731;Шолак-Су (рзд);НОД-12;66731;51°0'12'';55°42'8''
66732;Жулдуз (рзд);НОД-12;66732;50°58'35'';55°48'5''
66740;Сагарчин;НОД-12;66740;50°56'46'';55°54'47''
66741;Разъезд № 31-A;НОД-12;66741;50°55'34'';55°59'15''
66742;Кос-Арал (рзд);НОД-12;66742;50°53'58'';56°5'12''
66750;Жайсан (бывш. Яйсан);НОД-11;66750;50°52'21'';56°11'9''
66751;Разъезд № 33-B;НОД-11;66751;50°49'25'';56°18'37''
66752;Шаруа (рзд);НОД-11;66752;50°46'48'';56°25'15''
66760;Мартук;НОД-11;66760;50°44'31'';56°31'4''
66761;Жамансу (рзд);НОД-11;66761;50°41'52'';56°35'35''
66762;Оп № 36;НОД-11;66762;50°38'53'';56°40'39''
66770;Каратогай;НОД-11;66770;50°35'54'';56°45'44''
66771;Комыс-Сай (рзд);НОД-11;66700;50°33'1'';56°49'29''
66772;Разъезд № 38;НОД-11;66772;50°30'16'';56°53'37''
66773;Оп Курайлы;НОД-11;66773;50°24'10'';57°0'29''
66780;Жинишке (бывш. Дженешке);НОД-11;66780;50°16'55'';57°3'28''
66790;Актобе (бывш. Актюбинск);НОД-11;68960;50°11'44'';57°7'27''
66791;Алжан;НОД-11;66791;50°9'16'';57°9'9''
66792;Оп Жангиз-Агач;НОД-11;66792;50°4'20'';57°12'9''
66800;Сарысай (рзд);НОД-11;66800;50°21'15'';58°44'4''
66810;Бестамак;НОД-11;66810;50°0'24'';57°14'32''
66811;Оп № 43;НОД-11;66811;49°56'55'';57°14'28''
66820;Хромтау;НОД-11;66820;50°19'56'';58°26'34''
66830;Алга;НОД-11;66830;49°52'26'';57°14'23''
66840;Тамды;НОД-11;66840;49°47'50'';57°13'25''
66841;Оп № 45;НОД-11;66841;49°42'8'';57°13'57''
66850;Аккемер;НОД-11;66850;49°36'26'';57°14'29''
66851;Разъезд № 47-A;НОД-11;66851;49°28'49'';57°18'4''
66860;Никельтау;НОД-11;66860;50°16'24'';58°10'39''
66870;Дон;НОД-11;66870;50°15'7'';58°26'56''
66880;Жазык (бывш. Просторная);НОД-11;66880;50°8'27'';58°0'43''
66881;Оп № 307;НОД-11;66881;50°12'26'';58°5'41''
66882;Бакай;НОД-11;66882;50°2'40'';58°0'3''
66883;Оп № 310;НОД-11;66883;49°55'15'';57°59'12''
66890;Аккудык;НОД-11;66890;50°19'3'';59°8'43''
66891;Жоса (рзд);НОД-11;66891;50°22'34'';59°44'37''
66893;Уйтас (рзд);НОД-11;66893;50°29'23'';60°54'6''
66900;Токмансай;НОД-11;66900;49°48'39'';57°58'26''
66901;Оп № 311;НОД-11;66901;49°43'18'';57°50'22''
66902;Разъезд № 312;НОД-11;66902;49°37'57'';57°42'17''
66903;Оп Курсай;НОД-11;66903;49°32'36'';57°34'13''
66904;Разъезд № 313;НОД-11;66904;49°29'18'';57°29'15''
66910;Айтеке Би;НОД-11;66910;50°32'20'';61°24'12''
66920;Кимперсай;НОД-11;66920;50°21'29'';58°4'44''
66930;Журын (бывш. Джурун);НОД-11;66930;49°10'35'';57°31'4''
66932;Потуй (рзд);НОД-11;66932;49°19'4'';57°24'11''
66935;Изимбет;НОД-11;66935;49°0'42'';57°43'26''
66937;Талдысай (рзд 53);НОД-11;66937;48°56'21'';57°48'52''
66939;Кудык;НОД-11;66939;48°50'26'';57°56'17''
66940;Жем (бывш. Эмба);НОД-11;66940;48°43'19'';58°5'11''
66942;Кыргыз (бывш. Киргизская);НОД-11;66942;48°36'41'';58°12'57''
66943;Тас (рзд);НОД-11;66943;48°33'21'';58°16'50''
66950;Мугалжар (бывш. Мугоджарская);НОД-11;66950;48°29'40'';58°21'9''
66960;Биршогыр (бывш. Берчогур);НОД-11;66960;48°18'55'';58°30'10''
66961;Оп № 60;НОД-11;66961;48°15'37'';58°38'18''
66970;Котыртас (бывш. Котртас);НОД-11;66970;48°10'19'';58°51'20''
66972;Кауылжыр (бывш. Каульджур);НОД-11;66972;48°2'40'';58°57'50''
66973;Кайыр (рзд) (бывш. Каир);НОД-11;66973;47°59'13'';59°0'45''
66980;Соленая;НОД-11;66980;47°52'48'';59°6'20''
66983;Улпан;НОД-11;66983;47°46'59'';59°20'24''
66990;Шалкар (бывш. Челкар);НОД-11;66990;47°42'14'';59°32'5''
66991;Ушкурай (рзд);НОД-11;66991;47°40'30'';59°38'11''
66993;Копмола;НОД-11;66993;47°36'38'';59°51'45''
66994;Кендала (рзд);НОД-11;66994;47°34'54'';59°57'51''
66996;Жылан (бывш. Джилан);НОД-11;66996;47°31'13'';60°10'45''
66997;Тосбулак (рзд);НОД-11;66997;47°29'6'';60°18'12''
67000;Тогыз (бывш. Тугуз);НОД-11;67000;47°25'49'';60°29'44''
67001;Шиликты (рзд) (бывш. рзд Чиликты);НОД-11;67001;47°22'41'';60°33'58''
67004;Карашокат;НОД-11;67004;47°15'43'';60°43'21''
67005;Акеспе (рзд);НОД-11;67005;47°12'14'';60°48'3''
67007;Шокысу (бывш. Чокусу);НОД-11;67007;47°7'1'';60°55'6''
67009;Курлык (рзд);НОД-11;67009;47°1'27'';61°2'37''
67010;Саксаульская;НОД-10;67010;46°57'58'';61°7'19''
67013;Конту;НОД-10;67013;46°49'4'';61°21'56''
67020;Чумыш;НОД-10;67020;46°11'25'';61°51'50''
67030;Аральское Море;НОД-10;67030;46°41'26'';61°34'27''
67033;Сапак;НОД-10;67033;46°27'38'';61°42'27''
67035;Арал-Кум;НОД-10;67035;46°18'1'';61°48'1''
67040;Камышлыбаш;НОД-10;67040;46°6'46'';61°51'46''
67043;Бикбаули;НОД-10;67043;45°56'1'';61°57'39''
67050;Казалинск;НОД-10;67050;45°47'8'';62°2'32''
67051;Уинду (рзд);НОД-10;67051;45°46'28'';62°10'46''
67052;Кубек;НОД-10;67052;45°45'55'';62°17'31''
67053;Майлибаш;НОД-10;67053;45°44'53'';62°30'15''
67054;Енбекшиказах (рзд);НОД-10;67054;45°44'24'';62°36'15''
67057;Бостандык (рзд);НОД-10;67057;45°42'45'';62°56'28''
67060;Тюратам;НОД-10;67060;45°41'21'';63°13'42''
67061;Дюрменьтюбе;НОД-10;67061;45°39'34'';63°32'7''
67063;Хор-Хут;НОД-10;67063;45°37'39'';63°51'53''
67070;Урдазы (рзд);НОД-10;67070;45°36'48'';64°0'45''
67080;Бай-Хожа;НОД-10;67080;45°43'14'';62°50'29''
67090;Джусалы;НОД-10;67090;45°30'55'';64°7'29''
67091;Ана-Куль (рзд);НОД-10;67091;45°28'28'';64°11'28''
67093;Кизил-Там;НОД-10;67093;45°22'3'';64°21'55''
67095;Кара-Кеткен;НОД-10;67095;45°15'38'';64°32'23''
67097;Караирим (рзд);НОД-10;67097;45°11'21'';64°39'21''
67100;Алабас разъезд;НОД-11;67100;48°22'30'';58°27'10''
67110;РАЗЪЕЗД 19;НОД-4;67110;47°0'19'';61°23'12''
67120;Карашеген;НОД-4;67120;47°2'32'';61°38'12''
67130;Кызгалдакты (рзд) (бывш. Тюльпанны;НОД-11;67130;50°20'36'';57°3'39''
67140;Джалагаш;НОД-10;67140;45°8'54'';64°43'20''
67150;Терень-Узяк;НОД-10;67150;45°6'40'';65°4'3''
67153;Кара-Узяк;НОД-10;67153;44°59'32'';65°21'12''
67160;РАЗЪЕЗД 17;НОД-4;67160;47°6'21'';62°4'10''
67170;Кзыл-Орда;НОД-10;67170;44°52'55'';65°37'4''
67180;Белкуль;НОД-10;67180;44°49'20'';65°44'12''
67182;Берказань;НОД-10;67182;44°45'11'';65°53'8''
67183;Разъезд № 14-A;НОД-10;67183;44°41'37'';66°0'47''
67184;Керкелмес (рзд);НОД-10;67184;44°38'57'';66°6'31''
67190;Соло-Тюбе;НОД-10;67190;44°36'52'';66°10'59''
67191;Разъезд № 16-B;НОД-10;67191;44°33'48'';66°15'31''
67192;Майлытогай (рзд);НОД-10;67192;44°31'20'';66°19'9''
67200;Тартугай;НОД-10;67200;44°28'53'';66°22'47''
67201;Бактысай (рзд);НОД-10;67201;44°26'21'';66°26'20''
67210;Байгакум;НОД-10;67210;44°21'17'';66°33'25''
67211;Разъезд № 20;НОД-10;67211;44°18'10'';66°36'54''
67220;Чиили;НОД-10;67220;44°11'10'';66°44'43''
67221;Акмая (рзд);НОД-10;67221;44°8'50'';66°50'18''
67222;Екпенды (рзд);НОД-10;67222;44°6'16'';66°56'29''
67230;Разъезд № 26;НОД-10;67230;43°52'14'';67°15'31''
67240;Тюмень-Арык;НОД-10;67240;44°3'56'';67°2'4''
67241;Буртескен (рзд);НОД-10;67241;44°0'54'';67°5'21''
67242;Жаилма (рзд);НОД-10;67242;43°58'32'';67°7'55''
67250;Яны-Курган;НОД-10;67250;43°55'50'';67°10'50''
67252;Боройнак (рзд);НОД-10;67252;43°48'12'';67°20'47''
67253;Аккум;НОД-10;67253;43°44'36'';67°25'28''
67260;Талап;НОД-10;67260;43°39'13'';67°32'29''
67270;Беш-Арык;НОД-10;67270;43°34'44'';67°39'12''
67273;Сауран;НОД-10;67273;43°27'29'';67°52'21''
67280;Шорнак;НОД-10;67280;43°24'47'';67°57'9''
67290;Абай;НОД-4;67290;47°8'36'';62°19'47''
67300;Караганда-Сортировочная;НОД-4;67300;49°58'28'';72°55'42''
67310;РАЗЪЕЗД 16;НОД-4;67310;47°11'45'';62°43'53''
67312;Оп Паровозное Депо;НОД-4;67312;49°57'27'';72°57'13''
67314;Оп 713 км;НОД-4;67314;49°55'2'';72°54'31''
67320;Нура (бывш. Нуринская);НОД-4;67320;50°13'15'';72°51'24''
67321;Оп Первое Мая;НОД-4;67321;50°10'10'';72°54'44''
67322;Кокпекты (бывш.Солонички);НОД-4;67322;50°0'28'';72°56'4''
67323;Оп Компанейское;НОД-4;67323;49°56'6'';72°56'0''
67330;Мырза (бывш. Мурза);НОД-4;67330;50°16'17'';72°47'57''
67340;Шокай;НОД-4;67340;50°25'49'';72°39'15''
67341;Оп Актау;НОД-4;67341;50°17'21'';72°46'59''
67342;Оп Астаховка;НОД-4;67342;50°19'49'';72°44'44''
67350;Актасты;НОД-4;67350;50°29'24'';72°22'34''
67360;Осакаровка;НОД-4;67360;50°34'28'';72°18'3''
67370;Жана Караганды (бывш. Караганда-Но;НОД-4;67370;49°53'6'';72°54'27''
67371;Оп Новый Майкудук;НОД-4;67371;49°50'22'';72°53'39''
67380;Май-Кудук;НОД-4;67380;49°48'46'';72°53'27''
67390;Караганды;НОД-4;67390;49°46'23'';72°51'32''
67400;Караганда-Угольная;НОД-4;67400;49°47'53'';72°44'48''
67410;Жанааул;НОД-4;67410;50°0'50'';72°48'42''
67411;Оп 14 км;НОД-4;67411;50°3'39'';72°44'52''
67412;Аккудык (бывш. Большой Металлургич;НОД-4;67412;50°4'46'';72°42'55''
67413;Оп 17 км;НОД-4;67413;50°5'34'';72°41'23''
67414;Оп Соцгородок;НОД-4;67414;50°5'54'';72°40'30''
67420;Тегисжол;НОД-4;67420;49°56'59'';72°44'27''
67430;Темиртау;НОД-4;67430;50°6'17'';72°38'28''
67440;Углерудная;НОД-4;67440;49°59'4'';72°46'19''
67450;Сокыр (бывш. Новодубовская);НОД-4;67450;49°54'57'';72°43'21''
67460;Пост № 5;НОД-4;67460;49°51'28'';72°43'9''
67470;Ботакара;НОД-4;67470;49°51'20'';73°20'53''
67480;РАЗЪЕЗД 15;НОД-4;67480;47°14'15'';63°1'57''
67490;Ащису;НОД-4;67490;49°45'27'';73°41'42''
67500;Буркитты (бывш. Талдинка);НОД-4;67500;49°26'40'';75°3'48''
67501;Рзд №    9;НОД-4;67501;49°35'14'';74°54'11''
67510;РАЗЪЕЗД 14;НОД-4;67510;47°16'44'';63°20'20''
67512;Оп Карьерная;НОД-4;67512;50°1'11'';72°53'23''
67520;Карагайлы;НОД-4;67520;49°18'12'';75°2'53''
67530;Караганозек(бывш. Большая Михайлов;НОД-4;67530;49°44'20'';72°48'31''
67540;Карабас;НОД-4;67540;49°43'49'';72°45'23''
67541;Оп Чурбай-Нура;НОД-4;67541;49°32'53'';72°46'53''
67550;Топар;НОД-4;67550;49°41'41'';72°43'7''
67560;РАЗЪЕЗД 13;НОД-4;67560;47°19'3'';63°37'27''
67570;Калагир;НОД-4;67570;49°27'45'';72°47'25''
67573;Бурма (бп);НОД-4;67573;49°0'11'';72°32'16''
67580;Карамурын;НОД-4;67580;49°22'41'';72°40'50''
67590;Жарык;НОД-4;67590;48°57'19'';72°30'50''
67591;Сарысу;НОД-4;67591;48°53'45'';72°30'58''
67592;Нилды (бывш. Нелды);НОД-4;67592;48°47'0'';72°31'12''
67593;Айса;НОД-4;67593;48°39'52'';72°31'27''
67594;Оп Тагайлы;НОД-4;67594;48°30'45'';72°31'46''
67595;Коктинколи;НОД-4;67595;48°53'8'';71°51'7''
67596;Оп 69 км;НОД-4;67596;48°51'40'';71°37'6''
67597;Рзд 17 КМ;НОД-4;67597;48°55'55'';72°17'36''
67600;Сарыкум;НОД-4;67600;46°59'8'';73°57'25''
67601;Кокдомбак;НОД-4;67601;46°55'20'';74°20'54''
67602;Буйрек (рзд) (бывш. Бирюк);НОД-4;67602;47°5'5'';73°32'23''
67610;Дария;НОД-4;67610;49°10'39'';72°37'33''
67611;Разъезд №   33;НОД-4;67611;48°54'32'';72°4'21''
67620;Жанаарка;НОД-4;67620;48°49'39'';71°19'43''
67621;Оп 117 км;НОД-4;67621;48°45'47'';71°1'16''
67622;Атасу;НОД-4;67622;48°42'20'';70°45'27''
67623;Мынадыр (бывш. Манадырь);НОД-4;67623;48°36'31'';70°18'51''
67624;Оп 189 км;НОД-4;67624;48°34'29'';70°9'30''
67630;Жанаарка (эксп.);НОД-4;67620;48°49'39'';71°19'43''
67640;Каражал;НОД-4;67640;48°8'32'';70°23'20''
67650;Жомарт;НОД-4;67650;48°31'39'';69°56'33''
67651;Жайрем;НОД-4;67651;48°44'3'';69°51'50''
67660;Промежуточная;НОД-4;67660;47°21'6'';63°53'3''
67670;Кызылжар (бывш. Кзыл-Джар);НОД-4;67670;48°24'31'';69°27'20''
67671;Женыс;НОД-4;67671;48°28'37'';69°44'7''
67680;Туйемойнак (бывш. Тюемойнак);НОД-4;67680;48°21'18'';69°13'45''
67681;Теректы;НОД-4;67681;48°9'56'';68°37'43''
67682;Рзд 366 КМ;НОД-4;67682;48°3'44'';68°18'4''
67683;Рзд №   60;НОД-4;67683;47°58'50'';68°2'30''
67690;РАЗЪЕЗД 12;НОД-4;67690;47°22'45'';64°4'41''
67700;Жезказган;НОД-4;67700;47°50'18'';67°35'29''
67710;РАЗЪЕЗД 11;НОД-4;67710;47°24'11'';64°15'45''
67720;Акадыр (бывш. Агадырь);НОД-4;67720;48°26'23'';72°31'55''
67721;Донгал (бывш. Айрын);НОД-4;67721;48°12'59'';72°38'57''
67722;Босага;НОД-4;67722;48°1'16'';72°45'7''
67723;Акшагыл;НОД-4;67723;47°56'48'';72°47'28''
67724;Киик;НОД-4;67724;47°36'42'';72°58'1''
67725;Оп Аркарлы;НОД-4;67725;47°22'44'';73°5'21''
67730;Мойынты;НОД-4;67730;47°9'54'';73°12'6''
67733;Саумалколь (бывш. Новый Путь);НОД-4;67733;49°39'36'';74°24'7''
67734;Рзд №    5;НОД-4;67734;49°42'19'';73°59'3''
67735;Оп БОТАКАРА;НОД-4;67735;49°32'16'';75°2'20''
67740;РАЗЪЕЗД 10;НОД-4;67740;47°25'42'';64°26'33''
67750;Балхаш I;НОД-4;67750;46°50'38'';74°50'2''
67751;Балхаш II;НОД-4;67751;46°50'27'';74°55'27''
67760;Орта-Дересин;НОД-4;67760;46°49'37'';75°21'10''
67770;Саяк;НОД-4;67770;46°59'46'';77°18'49''
67771;Шолькызыл;НОД-7;67771;46°58'1'';78°9'4''
67772;Жаксыбулак;НОД-7;67772;46°56'41'';78°47'30''
67773;Предузловая;НОД-7;67773;46°55'11'';79°31'6''
67780;Токырау;НОД-4;67780;46°51'32'';75°42'58''
67790;Акжайдак;НОД-4;67790;46°51'2'';75°56'26''
67791;Ащыозек (бывш. Ащиозек);НОД-4;67791;46°54'21'';76°27'40''
67792;Тагынкара;НОД-4;67792;46°57'48'';77°0'13''
67800;Косколь;НОД-4;67800;47°26'57'';64°37'15''
67810;РАЗЪЕЗД 8;НОД-4;67810;47°29'8'';64°52'4''
67820;РАЗЪЕЗД 7;НОД-4;67820;47°31'17'';65°7'53''
67830;Ащелисайская;НОД-11;67830;50°25'47'';57°59'30''
67831;Киргильда;НОД-11;67831;50°31'6'';57°54'4''
67840;КИРГИЛЬДА (ЭКСП);НОД-11;67831;50°31'6'';57°54'4''
67850;Коктал;НОД-4;67850;47°33'23'';65°22'54''
67860;РАЗЪЕЗД 6;НОД-4;67860;47°35'28'';65°38'10''
67870;РАЗЪЕЗД 5;НОД-4;67870;47°37'45'';65°54'24''
67880;Байконыр;НОД-4;67880;47°39'36'';66°9'7''
67890;Кок-Бекты (рзд);НОД-14;67890;45°13'42'';55°12'26''
67900;Зааятская;НОД-2;67900;52°51'7'';61°36'7''
67901;Караоба;НОД-2;67901;52°53'54'';61°19'44''
67911;ОБГП АКСУ;НОД-2;67911;52°56'31'';61°5'19''
67920;РАЗЪЕЗД 3;НОД-4;67920;47°43'32'';66°40'1''
67930;Карсакпай;НОД-4;67930;47°45'22'';66°54'33''
67940;РАЗЪЕЗД 2;НОД-4;67940;47°47'11'';67°8'45''
67950;РАЗЪЕЗД 1;НОД-4;67950;47°48'58'';67°23'54''
67960;Сарыжиде (рзд);НОД-11;67960;47°33'41'';59°14'57''
67970;Аккайтым (рзд);НОД-11;67970;47°28'8'';59°4'16''
67980;Байкадам;НОД-11;67980;47°21'39'';58°51'51''
67990;Бегимбет (рзд);НОД-11;67990;47°15'25'';58°40'7''
68000;Есиль;НОД-2;68000;51°59'58'';66°24'29''
68001;Рзд №    1;НОД-2;68001;51°53'5'';66°22'55''
68010;Майбулак;НОД-2;68010;49°42'27'';67°34'41''
68020;Красивый-Казахский;НОД-1;68020;51°56'2'';66°32'49''
68030;Обг. Пункт № 80;НОД-1;68030;51°55'15'';66°55'18''
68040;Жаксы;НОД-1;68040;51°55'10'';67°13'28''
68050;Казахская;НОД-1;68050;51°52'14'';67°31'16''
68060;Перекатная;НОД-1;68060;51°49'52'';67°45'22''
68070;Обп №86;НОД-1;68070;51°47'29'';67°58'50''
68080;Приишимская;НОД-2;68080;51°31'52'';66°18'7''
68090;Кенская;НОД-2;68090;51°20'3'';66°20'54''
68100;Державинская;НОД-2;68100;51°7'18'';66°8'12''
68110;Баранкульский (рзд);НОД-2;68110;50°56'39'';66°19'9''
68120;Тасты-Талды;НОД-2;68120;50°46'13'';66°24'37''
68130;Фурмановский;НОД-2;68130;50°25'40'';66°32'25''
68140;Аркалык;НОД-2;68140;50°17'37'';66°41'21''
68150;Сурган;НОД-2;68150;52°4'16'';66°11'12''
68160;Ковыльная I;НОД-2;68160;52°7'13'';65°56'1''
68170;Жалгызтал;НОД-2;68170;50°6'20'';66°58'46''
68180;Терисаккан;НОД-2;68180;49°54'16'';67°17'21''
68190;Джаныспай;НОД-2;68190;52°10'20'';65°42'22''
68200;Челгаши;НОД-2;68200;52°13'26'';65°29'36''
68210;Айке;НОД-2;68210;51°3'11'';61°54'11''
68220;Золотая Сопка (эксп.);НОД-2;68520;54°1'46'';61°46'56''
68230;Койбагор;НОД-2;68230;52°24'10'';64°54'51''
68231;Обг. Пункт № 75;НОД-2;68231;52°20'26'';65°6'56''
68232;Оп Тюнтюгур;НОД-2;68232;52°16'42'';65°19'1''
68240;Арка;НОД-2;68240;52°1'43'';62°41'16''
68250;Кушмурун;НОД-2;68250;52°30'44'';64°40'51''
68260;Баталы;НОД-2;68260;52°49'10'';61°57'28''
68261;Оп 150 км;НОД-2;68261;;
68270;Аманкарагай;НОД-2;68270;52°32'17'';63°38'23''
68271;Оп Тургайский Пролив;НОД-2;68271;;
68272;Убоган;НОД-2;68272;;
68280;Казанбасы;НОД-2;68280;52°35'4'';63°19'48''
68281;Оп № 70;НОД-2;68281;52°33'38'';63°29'23''
68290;Апановка;НОД-2;68290;52°36'29'';63°0'57''
68300;Притобольская;НОД-2;68300;52°40'25'';62°47'42''
68310;Тобол;НОД-2;68310;52°44'29'';62°37'47''
68311;Тарановская;НОД-2;68311;52°47'0'';62°18'1''
68312;Увальненский (рзд);НОД-2;68312;52°49'18'';62°45'21''
68313;Воронинская;НОД-2;68313;52°53'22'';62°51'45''
68314;Каратомар (рзд);НОД-2;68314;52°59'18'';63°1'3''
68320;Арыстансор;НОД-2;68320;52°20'4'';63°7'14''
68330;Майлин;НОД-2;68330;52°39'2'';62°37'26''
68340;Алтынсарин;НОД-2;68340;51°45'40'';62°19'18''
68341;Талдыколь (рзд);НОД-2;68341;51°31'51'';62°7'40''
68342;Шолаксай (рзд);НОД-2;68890;51°15'48'';62°0'33''
68350;Перелески;НОД-2;68350;52°40'16'';61°58'50''
68360;Денисовка;НОД-2;68360;52°27'58'';61°22'28''
68370;Шакубай;НОД-2;68370;52°13'32'';61°2'26''
68380;Джетыгара;НОД-2;68380;52°8'50'';61°0'17''
68390;Железорудная;НОД-2;68390;53°3'0'';63°6'52''
68391;Темир-Булак;НОД-2;68391;53°8'16'';63°18'31''
68400;Кустанай;НОД-2;68400;53°17'14'';63°38'34''
68402;Алкау (рзд);НОД-2;68402;53°18'43'';63°57'14''
68404;Куншаш (рзд);НОД-2;68404;53°20'16'';64°24'44''
68405;Оп Танабаевский;НОД-2;68405;53°20'54'';64°42'8''
68410;Шоккарагай (рзд);НОД-2;68410;53°19'45'';64°10'49''
68411;Теренсай (рзд);НОД-2;68411;50°51'38'';61°42'37''
68420;Нурдала;НОД-2;68420;49°30'17'';67°52'36''
68421;Оп Майкульская;НОД-2;68421;53°23'3'';63°24'54''
68422;Кызылсай (рзд);НОД-2;68422;50°42'7'';61°33'32''
68430;Озерная;НОД-2;68430;53°28'31'';63°12'9''
68440;Успеновка;НОД-2;68440;53°34'31'';63°2'30''
68450;Разъезд 219 км;НОД-2;68450;53°37'16'';62°55'38''
68460;Джаркуль;НОД-2;68460;53°40'49'';62°46'57''
68470;Пешковский Тупик;НОД-2;68470;53°45'53'';62°26'56''
68471;Оп 199 км;НОД-2;68471;53°43'7'';62°37'51''
68480;Тогузак;НОД-2;68480;53°49'58'';62°17'33''
68481;Селекционная;НОД-2;68481;53°54'8'';62°6'24''
68490;Карабалык (бывш. Комсомолец);НОД-2;68490;53°50'12'';61°56'18''
68500;Щебзавод;НОД-2;68500;53°47'23'';61°47'59''
68510;Медет;НОД-2;68510;53°58'18'';61°55'16''
68511;Рзд 138 км;НОД-2;68511;54°0'17'';61°50'30''
68520;Каерак;НОД-2;68520;54°1'46'';61°46'56''
68530;Карагалинская;НОД-2;68530;53°21'17'';64°52'35''
68531;Оп Жанасу;НОД-2;68531;53°20'28'';65°8'12''
68532;Оп Басагаш;НОД-2;68532;53°19'54'';65°18'56''
68533;Бармак (рзд);НОД-2;68533;53°19'14'';65°31'37''
68540;Сарыколь (бывш. Новоурицкое);НОД-2;68540;53°18'37'';65°43'20''
68541;Дудаковка;НОД-2;68541;53°18'22'';65°55'1''
68550;Коскуль;НОД-2;68550;53°18'5'';66°7'29''
68560;Садыркуль;НОД-2;68560;53°15'10'';66°29'31''
68570;Новоишимская;НОД-1;68570;53°14'35'';66°46'12''
68580;Зерновая (эксп.);НОД-1;68730;54°34'18'';66°4'52''
68590;Белоградовка;НОД-1;68590;53°22'19'';66°36'5''
68600;Аксуат;НОД-1;68600;53°28'29'';66°34'31''
68610;Сулы;НОД-1;68610;53°44'51'';66°29'31''
68620;Кайранкуль;НОД-1;68620;54°11'48'';66°15'37''
68630;Бауманская;НОД-1;68630;54°22'0'';66°10'11''
68640;Пресногорьковская;НОД-1;68640;54°27'55'';66°6'53''
68650;Первая Целинная;НОД-1;68650;53°15'5'';67°20'54''
68651;Оп Шукуркуль;НОД-1;68651;53°15'43'';67°29'33''
68660;Янко;НОД-1;68660;53°16'24'';67°38'49''
68661;Оп Ботай;НОД-1;68661;53°17'49'';67°47'46''
68662;Оп Баянтай;НОД-1;68662;53°19'8'';67°56'7''
68670;Володарское;НОД-1;68670;53°20'22'';68°3'52''
68680;Уголки;НОД-1;68680;53°20'53'';68°23'51''
68690;Карагай;НОД-1;68690;53°20'19'';68°41'41''
68693;Васильковка (рзд);НОД-1;68693;53°20'35'';69°18'12''
68700;Кокшетау I;НОД-1;68700;53°18'52'';69°20'52''
68710;Кокшетау II;НОД-1;68710;53°21'17'';69°24'19''
68711;Оп Трофимовка;НОД-1;68711;53°25'11'';69°48'29''
68720;Чаглинка;НОД-1;68720;53°29'11'';69°26'30''
68730;Зерновая;НОД-1;68730;54°34'18'';66°4'52''
68740;Жаман-Ащи (рзд);НОД-1;68740;53°37'58'';69°27'2''
68750;Азат;НОД-1;68750;53°42'55'';69°28'56''
68760;Приречная;НОД-1;68760;53°49'28'';69°35'58''
68770;Тайнча;НОД-1;68770;53°54'12'';69°40'16''
68772;Тениз (рзд);НОД-1;68772;54°2'27'';69°35'52''
68773;Оп Шагылы;НОД-1;68773;54°7'23'';69°33'13''
68780;Киялы;НОД-1;68780;54°11'6'';69°31'14''
68782;Жанажол (рзд);НОД-1;68782;54°19'46'';69°26'56''
68783;Бозарал (рзд);НОД-1;68783;54°24'33'';69°24'35''
68790;Смирново;НОД-1;68790;54°28'27'';69°22'39''
68791;Кауданды (рзд);НОД-1;68791;54°35'53'';69°20'54''
68792;Оп Шаховский;НОД-1;68792;54°43'48'';69°20'31''
68793;Жанатурмыс (рзд);НОД-1;68793;54°52'15'';69°19'19''
68800;Октябрь;НОД-1;68800;53°28'17'';70°8'29''
68810;Чкалово;НОД-1;68810;53°31'27'';70°24'2''
68820;Золоторунная;НОД-1;68820;53°34'18'';70°48'34''
68830;Ащи-Голь;НОД-1;68830;53°36'15'';71°11'43''
68840;Даут;НОД-1;68840;53°37'58'';71°32'34''
68850;Тальщик;НОД-1;68850;53°39'54'';71°47'20''
68860;Кзыл-Ту;НОД-1;68860;53°40'1'';72°11'44''
68880;Кзыл-Ту (эксп.);НОД-1;68860;53°40'1'';72°11'44''
68890;Шолаксай разъезд;НОД-2;68890;51°15'48'';62°0'33''
68900;Дорожный (рзд);НОД-2;68900;49°16'23'';68°13'35''
68910;Шубарколь;НОД-4;68910;49°0'38'';68°36'27''
68920;Актау-Порт-Паром (экс на порт Оля);НОД-14;66350;43°41'8'';51°15'40''
68930;Лисаковск;НОД-2;68930;52°34'16'';62°45'13''
68940;Актау-Порт-Паром (экс Туркменбаши);НОД-14;66350;43°41'8'';51°15'40''
68960;Актобе II;НОД-11;68960;50°11'44'';57°7'27''
68970;Жарлы;НОД-11;68970;48°31'38'';55°25'49''
68980;Боржакты;НОД-14;68980;43°26'54'';51°26'11''
68990;РАЗЪЕЗД №39;НОД-1;68990;51°19'40'';71°7'45''
69000;Астана (бывш. Акмола);НОД-1;69000;51°17'6'';71°10'3''
69010;Ерсай;НОД-14;69010;43°25'50'';51°23'49''
69020;Сороковая;НОД-1;69020;51°13'18'';71°29'6''
69021;Оп № 101;НОД-1;69021;51°15'12'';71°40'46''
69022;Обг. Пункт № 42;НОД-4;69022;51°6'53'';71°38'46''
69030;Бабатай;НОД-4;69030;51°4'4'';71°43'1''
69031;Оп Шептыкуль;НОД-4;69031;51°0'28'';71°47'55''
69040;Вишневка;НОД-4;69040;50°55'31'';71°54'39''
69050;Анар;НОД-4;69050;50°45'44'';72°5'36''
69060;Актай;НОД-4;69060;47°52'14'';70°48'40''
69070;Косчеку;НОД-1;69070;51°23'32'';70°38'33''
69072;Обг. Пункт №  96;НОД-1;69072;51°18'56'';71°1'3''
69080;Тастак;НОД-1;69080;51°28'14'';70°16'10''
69090;Кара-Адыр;НОД-1;69090;51°32'58'';70°7'2''
69091;Оп № 93 ( В РЗ);НОД-1;69091;51°30'16'';70°12'15''
69100;Жайнак;НОД-1;69100;51°22'46'';70°42'18''
69110;Джалтыр;НОД-1;69110;51°38'57'';69°45'56''
69111;Астраханка;НОД-1;69111;51°37'23'';69°51'29''
69120;Колутон;НОД-1;69120;51°44'44'';69°21'20''
69130;Ирченко;НОД-1;69130;51°48'56'';68°53'36''
69140;Адыр;НОД-1;69140;51°49'31'';68°35'50''
69150;Атбасар;НОД-1;69150;51°48'59'';68°14'22''
69160;Курык-Порт;НОД-14;69160;43°24'23'';51°19'29''
69170;Домбар (рзд);НОД-11;69170;47°8'39'';58°27'29''
69180;Шукыр;НОД-11;69180;47°2'24'';58°16'2''
69190;Жанак (рзд);НОД-11;69190;46°56'16'';58°5'6''
69200;Кампала (рзд);НОД-11;69200;46°50'20'';57°54'4''
69210;Тассай;НОД-11;69210;46°43'52'';57°42'10''
69220;Сагыр (рзд);НОД-11;69220;46°37'51'';57°30'47''
69230;Санкибай (рзд);НОД-11;69230;46°31'12'';57°18'48''
69240;Танкерыс;НОД-1;69240;51°30'46'';70°57'47''
69250;Шортанды;НОД-1;69250;51°42'6'';70°57'47''
69252;Енбек (рзд);НОД-1;69252;51°49'55'';70°55'4''
69260;Ак-Куль;НОД-1;69260;52°1'55'';70°50'53''
69262;Оп Родники;НОД-1;69262;52°12'25'';70°39'52''
69270;Ельтай;НОД-1;69270;52°23'27'';70°28'17''
69272;Оп Бурли-Казахский;НОД-1;69272;52°32'20'';70°24'11''
69280;Макинка;НОД-1;69280;52°39'40'';70°20'48''
69281;Оп Черноярка;НОД-1;69281;52°44'16'';70°17'39''
69290;Жасыл;НОД-1;69290;52°48'52'';70°14'30''
69300;Курорт-Боровое;НОД-1;69300;52°57'3'';70°6'21''
69310;Джемантуз;НОД-1;69310;53°7'33'';69°42'58''
69312;Разъезд № 17;НОД-1;69312;53°12'55'';69°32'30''
69320;Сары-Оба;НОД-1;69320;51°17'50'';71°56'59''
69330;Еркеншилик;НОД-1;69330;51°25'52'';72°15'24''
69331;Оп № 105;НОД-1;69331;51°23'31'';72°10'1''
69332;Едыге (рзд);НОД-1;69332;51°36'8'';72°42'7''
69340;Ерментау;НОД-3;69340;51°40'35'';72°53'42''
69342;Селеты;НОД-3;69342;52°18'37'';71°55'51''
69350;Тургай;НОД-3;69350;51°53'52'';72°23'46''
69360;Курык-Порт-экспорт;НОД-14;69160;43°24'23'';51°19'29''
69370;Курык-Порт-экспорт перевалка;НОД-14;69160;43°24'23'';51°19'29''
69380;Курык-Порт-экспорт паром;НОД-14;69160;43°24'23'';51°19'29''
69390;Алтынтау (бывш. Аксу);НОД-3;69390;52°40'21'';71°31'22''
69400;Енбекшильдер;НОД-3;69400;52°56'50'';71°10'50''
69410;Айсары;НОД-3;69410;53°15'40'';71°5'5''
69420;Коржункуль;НОД-3;69420;51°39'28'';73°8'58''
69421;Уленты;НОД-3;69421;51°41'2'';73°32'29''
69430;Екибастуз-Северный-2;НОД-3;69430;52°0'28'';75°7'28''
69431;Оп Обгонный Пункт  112 КМ;НОД-3;69431;51°42'40'';73°56'56''
69440;Бозшаколь(бывш. Бозщаколь);НОД-3;69440;51°43'36'';74°11'3''
69450;Шидерты (бывш. Чидерты);НОД-3;69450;51°43'24'';74°30'9''
69451;Обг. Пункт № 116;НОД-3;69451;51°45'41'';75°1'31''
69460;Екибастуз I (бывш. Экибастуз I);НОД-3;69460;51°46'35'';75°13'53''
69470;Екибастуз  II (бывш. Экибастуз II);НОД-3;69470;51°41'2'';75°8'41''
69480;Екибастуз-Северный;НОД-3;69480;51°55'50'';75°11'5''
69490;Екибастуз  III (бывш. Экибастуз II;НОД-3;69490;51°40'46'';75°47'59''
69500;Майкайын;НОД-3;69500;51°51'16'';75°50'35''
69501;Токибай (рзд);НОД-3;69501;51°43'4'';75°52'56''
69510;Атыгай;НОД-3;69510;51°48'19'';75°25'37''
69520;Ушкулын;НОД-3;69520;51°41'15'';75°56'54''
69530;Карасор;НОД-3;69530;51°54'27'';75°53'46''
69540;Калкаман;НОД-3;69540;51°57'29'';75°57'55''
69550;Таскудык (бывш. Пограничник);НОД-3;69550;52°6'51'';76°21'42''
69551;Спутник;НОД-3;69551;52°10'28'';76°30'52''
69560;Коктобе;НОД-3;69560;51°26'20'';77°18'4''
69570;Аксу I (бывш. Ермак-Грузовая);НОД-3;69570;52°2'21'';76°49'14''
69580;Аксу II (бывш. Ермак);НОД-3;69580;51°57'10'';76°52'33''
69581;Курколь (рзд);НОД-3;69581;51°43'46'';77°3'39''
69583;Жумыскер (рзд);НОД-3;69583;51°7'7'';77°33'58''
69584;Май (рзд);НОД-3;69584;50°47'54'';77°49'52''
69590;Черноводский (рзд) (перев. авиа);НОД-9;69590;42°17'27'';69°21'4''
69600;Жолкудук;НОД-3;69600;52°13'14'';76°37'53''
69610;Павлодар;НОД-3;69610;52°17'23'';76°54'0''
69620;Павлодар-Южный;НОД-3;69620;52°6'23'';76°59'3''
69630;Павлодар-Северный;НОД-3;69630;52°26'52'';76°46'31''
69640;Павлодар-Порт;НОД-3;69640;52°29'36'';76°55'55''
69650;Курсай;НОД-11;69650;46°24'39'';57°6'36''
69660;Токсанбай (рзд);НОД-11;69660;46°16'33'';56°52'29''
69670;Шакат;НОД-3;69670;52°20'4'';77°6'0''
69671;Красноармейка-Казахская;НОД-3;69671;52°21'24'';77°14'15''
69672;Разъезд № 125;НОД-3;69672;52°22'59'';77°24'10''
69673;Оп № 126;НОД-3;69673;52°24'35'';77°34'4''
69680;Черноводский (рзд);НОД-9;69680;42°21'31'';69°20'48''
69690;Маралды;НОД-3;69690;52°26'10'';77°43'59''
69691;Оп № 127;НОД-3;69691;52°27'32'';77°54'42''
69700;Пахтаарал;НОД-9;69700;41°24'8'';67°57'32''
69710;Рождественка;НОД-3;69710;52°32'17'';77°33'13''
69720;Туз-Кала;НОД-3;69720;52°39'48'';77°23'37''
69730;Шарбакты (бывш. Щербакты);НОД-3;69730;52°29'1'';78°6'14''
69731;Оп № 128;НОД-3;69731;52°30'59'';78°21'44''
69732;Куркамыс;НОД-3;69732;52°33'11'';78°35'4''
69740;Шагыр;НОД-9;69740;42°12'12'';68°54'0''
69760;Кара-Кунгур;НОД-9;69760;42°41'31'';68°30'20''
69761;Оп № 37;НОД-9;69761;42°47'50'';68°25'59''
69770;Тимур;НОД-9;69770;42°51'56'';68°23'10''
69771;Акшокат (рзд);НОД-9;69771;42°56'35'';68°20'40''
69773;Утрабат;НОД-9;69773;43°5'22'';68°15'58''
69774;Куншагыр (рзд);НОД-9;69774;43°11'2'';68°12'55''
69775;Шойтобе (рзд);НОД-9;69775;43°15'10'';68°10'42''
69780;Туркестан;НОД-9;69780;43°19'49'';68°8'12''
69790;Ченгельды-B;НОД-9;69790;41°53'11'';68°55'50''
69800;Арысь I;НОД-9;69800;42°25'58'';68°45'6''
69801;Оп Арысь II;НОД-9;69801;42°27'12'';68°46'18''
69805;Калаш;НОД-9;69805;42°24'12'';69°1'35''
69810;Костуин (рзд);НОД-9;69810;42°36'53'';68°34'24''
69811;Акдала (рзд);НОД-9;69811;42°31'45'';68°39'24''
69820;Монтай-Таш;НОД-9;69820;42°5'38'';68°52'34''
69821;Чанак;НОД-9;69821;41°57'35'';68°54'22''
69825;Талдыкудук (рзд);НОД-9;69825;42°22'48'';68°47'17''
69830;Сары-Агач;НОД-9;69830;41°28'59'';69°6'58''
69840;Бадам;НОД-9;69840;42°23'26'';69°12'11''
69850;Кургасын;НОД-9;69850;42°20'34'';69°25'6''
69852;Кокбулак (рзд);НОД-9;69852;42°22'22'';69°16'58''
69860;Чимкент;НОД-9;69860;42°18'10'';69°34'10''
69862;Разъезд    5 км;НОД-9;69862;42°17'20'';69°37'28''
69870;Казыкурт;НОД-9;69870;42°17'0'';69°38'47''
69880;Сайрам;НОД-9;69880;42°14'38'';69°44'42''
69890;Тогус;НОД-9;69890;42°13'54'';69°46'45''
69900;Ленгер;НОД-9;69900;42°11'28'';69°49'11''
69910;Текесу;НОД-9;69910;42°16'2'';69°44'17''
69920;Кзыл-Сай;НОД-9;69920;42°22'26'';69°43'16''
69930;Манкент;НОД-9;69930;42°24'24'';69°45'42''
69940;Сергиевка;НОД-9;69940;42°32'39'';69°52'1''
69950;Сас-Тобе;НОД-9;69950;42°32'36'';69°56'14''
69960;Коктерек;НОД-9;69960;42°30'19'';70°7'19''
69970;Тюлькубас;НОД-9;69970;42°27'45'';70°13'28''
69971;Майликент;НОД-8;69971;42°31'38'';70°18'17''
69974;Обг. Пункт № 115;НОД-8;69974;42°31'42'';70°25'57''
69976;Абаил;НОД-8;69976;42°32'36'';70°34'3''
69977;Чокпак;НОД-8;69977;42°35'7'';70°37'4''
69980;Семипалатинск-Пристань;НОД-6;70940;50°28'22'';80°20'30''
69990;Джилга;НОД-9;69990;41°43'17'';68°57'34''
70000;Алма-Ата I;НОД-7;70000;43°17'54'';76°49'2''
70010;Алма-Ата II;НОД-7;70010;43°12'53'';76°46'14''
70020;Медеу;НОД-7;70020;43°23'12'';76°54'17''
70030;Жеты-Cу;НОД-7;70030;43°28'12'';76°56'48''
70040;Байсерке;НОД-7;70040;43°34'4'';77°0'6''
70050;Жетыген;НОД-7;70050;43°41'19'';76°56'19''
70060;Илийская;НОД-7;70060;43°47'31'';76°53'36''
70070;Капчагай;НОД-7;70070;43°51'14'';76°55'33''
70071;Боктер (рзд);НОД-7;70071;43°55'8'';77°1'57''
70072;Кулан-Тобе;НОД-7;70072;43°57'58'';77°6'38''
70080;Коскудук;НОД-7;70080;44°4'40'';77°17'48''
70081;Алтындала (рзд);НОД-7;70081;44°8'3'';77°21'15''
70082;Оп Архарлы;НОД-7;70082;44°10'19'';77°23'34''
70090;Дала;НОД-7;70090;44°12'34'';77°25'52''
70100;Жоломан;НОД-7;70100;44°15'55'';77°25'4''
70101;Сайлы (рзд);НОД-7;70101;44°15'50'';77°28'34''
70110;Малай-Сары;НОД-7;70110;44°15'45'';77°32'5''
70111;Тары (рзд);НОД-7;70111;44°17'2'';77°37'2''
70112;Балгалы;НОД-7;70112;44°18'28'';77°42'36''
70113;Дос (рзд);НОД-7;70113;44°19'55'';77°48'10''
70120;Сары-Озек;НОД-7;70120;44°21'12'';77°53'7''
70121;Койкрыккан (рзд);НОД-7;70121;44°24'36'';77°53'21''
70122;Май-Тобе;НОД-7;70122;44°27'38'';77°53'34''
70123;Тауарасы (рзд);НОД-7;70123;44°30'39'';77°53'46''
70130;Айна-Булак;НОД-7;70130;44°34'3'';77°54'0''
70131;Копр (рзд);НОД-7;70131;44°38'19'';77°52'54''
70132;Моюн-Кум;НОД-7;70132;44°43'38'';77°51'32''
70133;Бахша (рзд);НОД-7;70133;44°48'26'';77°50'18''
70140;Биже;НОД-7;70140;44°53'13'';77°49'4''
70150;Коксу;НОД-7;70150;44°58'28'';77°49'23''
70160;Тентек;НОД-7;70160;44°56'11'';78°0'30''
70170;Карабулак;НОД-7;70170;44°52'34'';78°29'46''
70171;Пл 66 км;НОД-7;70171;44°50'42'';78°38'21''
70180;Талды-Курган;НОД-7;70180;45°0'31'';78°21'22''
70190;Текели;НОД-7;70190;44°48'51'';78°46'56''
70200;Кальпе;НОД-7;70200;45°4'17'';77°50'5''
70201;Пияз (рзд);НОД-7;70201;45°10'45'';77°53'4''
70210;Уш-Тобе;НОД-7;70210;45°14'52'';77°54'58''
70211;Крушдаласы (рзд);НОД-7;70211;45°17'35'';78°0'0''
70212;Разъезд № 47-B;НОД-7;70212;45°19'41'';78°3'55''
70213;Кайракты;НОД-7;70213;45°22'42'';78°9'30''
70214;Караой (рзд);НОД-7;70214;45°25'24'';78°14'32''
70220;Шелек;НОД-7;70220;43°40'18'';77°5'54''
70230;Мулалы;НОД-7;70230;45°27'31'';78°18'27''
70240;Алажиде;НОД-7;70240;45°31'10'';78°25'28''
70241;Егинсу;НОД-7;70241;45°38'35'';78°30'17''
70242;Кумтобе (рзд);НОД-7;70242;45°44'9'';78°33'53''
70243;Ак-Узяк;НОД-7;70243;45°51'6'';78°38'24''
70250;Матай;НОД-7;70250;45°57'8'';78°42'18''
70251;Береке (рзд);НОД-7;70251;46°1'29'';78°45'4''
70252;Жасказах;НОД-7;70252;46°8'27'';78°49'29''
70260;Лепсы;НОД-7;70260;46°15'25'';78°53'55''
70261;Керегетас (рзд);НОД-7;70261;46°17'29'';78°56'2''
70262;Сарыкурак (рзд);НОД-7;70262;46°20'36'';78°59'12''
70263;Арганаты;НОД-7;70263;46°26'8'';79°4'50''
70265;Акбалык;НОД-7;70265;46°32'1'';79°10'49''
70266;Каратас;НОД-7;70266;46°36'10'';79°15'2''
70267;Кокшалпин (рзд);НОД-7;70267;46°39'37'';79°18'33''
70270;Каракум;НОД-7;70270;46°45'30'';79°24'32''
70271;Разъезд № 33-A;НОД-7;70271;46°50'32'';79°30'45''
70280;Капчагай (перев.);НОД-7;70070;43°51'14'';76°55'33''
70300;Эспе;НОД-8;70300;43°57'0'';74°5'43''
70301;Байшешек (рзд);НОД-8;70301;43°55'40'';74°10'46''
70310;Чокпар;НОД-8;70310;43°52'50'';74°21'30''
70311;Ала-Айгир;НОД-8;70311;43°50'6'';74°28'29''
70312;Кулакшино;НОД-8;70312;43°45'14'';74°40'55''
70320;Бель;НОД-8;70320;43°42'12'';74°48'41''
70321;Анрахай;НОД-8;70321;43°39'29'';74°53'4''
70322;Курдай;НОД-8;70322;43°35'17'';74°59'51''
70323;Кулжабасы (рзд);НОД-8;70323;43°33'3'';75°3'27''
70324;Оп Шынырау;НОД-8;70324;43°37'30'';74°56'16''
70330;Отар;НОД-7;70330;43°30'35'';75°7'26''
70331;Кзылтан;НОД-7;70331;43°30'58'';75°15'3''
70340;Чильбастау;НОД-7;70340;43°31'24'';75°23'21''
70341;Жайлау (рзд);НОД-7;70341;43°31'43'';75°32'15''
70350;Копа;НОД-7;70350;43°32'2'';75°41'9''
70351;Саз (рзд);НОД-7;70351;43°32'51'';75°51'59''
70352;Жирен-Айгыр;НОД-7;70352;43°33'33'';76°1'27''
70360;Казыбек-Бек (бывш. Узун-Агач);НОД-7;70360;43°34'13'';76°10'15''
70361;Жингильды;НОД-7;70361;43°30'58'';76°15'6''
70362;Куркудук (рзд);НОД-7;70362;43°27'8'';76°20'50''
70370;Чемолган;НОД-7;70370;43°23'18'';76°26'34''
70371;Оп 4031 км;НОД-7;70371;43°21'36'';76°30'29''
70373;Кокузек;НОД-7;70373;43°20'53'';76°36'31''
70380;Аксенгер (рзд);НОД-7;70380;43°21'11'';76°31'28''
70390;Бурундай;НОД-7;70390;43°20'30'';76°42'49''
70400;Джетысай;НОД-9;70400;41°32'36'';67°51'32''
70410;Сары-Агач (эксп.);НОД-9;69830;41°28'59'';69°6'58''
70420;Дарбаза;НОД-9;70420;41°36'47'';69°1'34''
70430;Кайрат (рзд);НОД-7;70430;43°37'33'';76°59'3''
70440;Луговая (эксп.);НОД-8;70450;42°59'12'';72°43'5''
70450;Луговая;НОД-8;70450;42°59'12'';72°43'5''
70451;Курагаты;НОД-8;70451;43°8'17'';72°56'1''
70452;Татты;НОД-8;70452;43°18'3'';73°9'55''
70453;Аспара;НОД-8;70453;43°28'29'';73°24'46''
70460;Чу;НОД-8;70460;43°37'55'';73°38'11''
70470;Берлик I;НОД-8;70470;43°43'9'';73°43'52''
70471;Оп Берлик II;НОД-8;70471;43°45'11'';73°43'45''
70472;Кемер;НОД-8;70472;43°45'34'';73°47'41''
70473;Оп Кок-Тобе;НОД-8;70473;43°50'25'';73°55'20''
70480;Кундызды;НОД-7;70480;43°39'9'';77°12'44''
70490;Хантау;НОД-8;70490;44°15'37'';73°42'0''
70491;Оп Сункар;НОД-8;70491;44°6'29'';73°42'32''
70492;Жидели;НОД-8;70492;44°0'24'';73°42'52''
70500;Курмангазы;НОД-8;70500;44°34'1'';73°9'45''
70510;Шолпан;НОД-8;70510;44°31'1'';73°58'26''
70520;Кияхты;НОД-8;70520;44°29'5'';73°47'5''
70521;Оп Сарыбулак;НОД-8;70521;44°22'1'';73°44'25''
70523;Акжар (рзд);НОД-8;70523;44°39'15'';73°49'7''
70525;Кара-Cай;НОД-8;70525;44°44'4'';73°50'5''
70526;Бурубайтал;НОД-8;70526;44°53'42'';73°52'1''
70530;Чиганак;НОД-8;70530;45°5'28'';73°54'23''
70532;Ушбалык (рзд);НОД-8;70532;45°13'55'';73°46'21''
70534;Жастар (рзд);НОД-8;70534;45°34'43'';73°32'27''
70535;Кашкен-Тениз;НОД-8;70535;45°46'59'';73°29'54''
70536;Оп Каракамыс;НОД-8;70536;45°39'28'';73°31'28''
70540;Коктас;НОД-8;70540;45°58'52'';73°27'25''
70550;Сары-Шаган;НОД-8;70550;46°3'25'';73°29'43''
70551;Оп Сулыжер;НОД-8;70551;46°12'40'';73°28'18''
70552;Новалы;НОД-8;70552;46°24'39'';73°26'27''
70560;Весна;НОД-8;70560;46°37'10'';73°24'32''
70561;Каражингил;НОД-8;70561;46°48'56'';73°20'4''
70562;Шешенкара;НОД-8;70562;46°59'40'';73°15'59''
70570;Мын-Арал;НОД-8;70570;45°26'48'';73°34'6''
70580;Таскарасу;НОД-7;70580;43°39'42'';77°9'23''
70590;Бурное;НОД-8;70590;42°38'7'';70°46'3''
70591;Сурум;НОД-8;70591;42°40'6'';70°56'7''
70592;Куркуреу-Су;НОД-8;70592;42°41'15'';71°2'2''
70600;Маймак;НОД-8;70600;42°42'39'';71°9'8''
70601;Жуантобе;НОД-8;70601;42°45'19'';71°11'30''
70610;Чальдала;НОД-8;70610;42°49'20'';71°15'4''
70620;Кумшагал (рзд);НОД-8;70620;42°51'27'';71°16'54''
70630;Джамбул;НОД-8;70630;42°54'43'';71°23'31''
70640;Жанатас;НОД-8;70640;43°35'49'';69°41'11''
70641;Чебакты;НОД-8;70641;43°31'15'';69°52'55''
70643;Актаутас;НОД-8;70643;43°19'53'';70°13'14''
70650;Бугунь;НОД-8;70650;43°20'17'';70°4'45''
70660;Каратау;НОД-8;70660;43°10'33'';70°23'33''
70670;Асса;НОД-8;70670;43°2'4'';71°5'29''
70674;Джума-Джамбулская;НОД-8;70674;43°5'0'';70°51'1''
70675;Новоджамбулская;НОД-8;70675;42°55'9'';71°2'12''
70680;Табакбулак;НОД-8;70680;43°25'57'';70°6'32''
70690;Чайкурук;НОД-8;70690;42°59'45'';71°12'37''
70700;Бурул;НОД-8;70700;42°57'58'';71°18'36''
70701;Пут.пост 4 км;НОД-8;70701;42°56'10'';71°21'20''
70710;Талас;НОД-8;70710;42°59'36'';71°31'43''
70720;Уч-Булак;НОД-8;70720;43°0'52'';71°44'49''
70730;Ак-Чулак;НОД-8;70730;43°0'16'';71°53'59''
70740;Акыр-Тюбе;НОД-8;70740;43°0'44'';72°5'8''
70750;Малдыбай;НОД-8;70750;43°1'16'';72°18'10''
70760;Алтынколь;НОД-7;70760;43°38'27'';77°16'52''
70800;Актогай;НОД-7;70800;46°55'0'';79°36'16''
70801;Разъезд № 31-B;НОД-6;70801;46°59'22'';79°38'3''
70802;Жуз-Агач;НОД-6;70802;47°3'43'';79°39'50''
70803;Разъезд № 30-A;НОД-6;70803;47°13'3'';79°43'40''
70810;Разъезд № 8;НОД-7;70810;46°17'47'';80°47'34''
70811;Оп Сайкан;НОД-7;70811;46°24'59'';80°33'46''
70812;Разъезд № 5-A;НОД-7;70812;46°31'53'';80°20'32''
70813;Разъезд № 2-B;НОД-7;70813;46°45'42'';79°54'6''
70814;Оп Колдар;НОД-7;70814;46°51'24'';79°43'10''
70815;Оп Актогай-Восточный;НОД-7;70815;46°53'48'';79°38'34''
70820;Бесколь;НОД-7;70820;46°10'18'';81°2'12''
70821;Оп № 11;НОД-7;70821;46°7'53'';81°8'24''
70822;Оп 172 км;НОД-7;70822;46°3'11'';81°18'56''
70825;Коктума;НОД-7;70825;45°56'8'';81°34'27''
70826;Оп 235 км;НОД-7;70826;45°49'56'';81°48'34''
70830;Жаланашколь;НОД-7;70830;45°45'4'';81°59'39''
70831;Оп 276 км;НОД-7;70831;45°33'42'';82°10'32''
70840;Достык (бывш. Дружба);НОД-7;70840;45°25'31'';82°18'38''
70860;Тансык;НОД-6;70860;47°19'17'';79°46'13''
70861;Оп № 29;НОД-6;70861;47°22'42'';79°49'23''
70862;Ак-Булат;НОД-6;70862;47°27'16'';79°53'36''
70863;Разъезд № 27-A;НОД-6;70863;47°30'42'';79°56'46''
70864;Темекили;НОД-6;70864;47°34'7'';79°59'56''
70865;Жыланды (бывш. Жиланды);НОД-6;70865;47°41'44'';80°6'58''
70866;Оп № 24;НОД-6;70866;47°45'32'';80°10'29''
70867;Кошкентал;НОД-6;70867;47°48'12'';80°12'56''
70868;Разъезд № 22;НОД-6;70868;47°52'0'';80°16'27''
70870;Аягоз;НОД-6;70870;47°55'3'';80°19'16''
70872;Эгыз-Кзыл;НОД-6;70872;48°1'7'';80°20'1''
70873;Алтынколат (рзд);НОД-6;70873;48°4'45'';80°20'28''
70874;Айгыржал;НОД-6;70874;48°9'12'';80°21'2''
70875;Енрекей (рзд);НОД-6;70875;48°13'39'';80°21'35''
70880;Ушбийк;НОД-6;70880;48°19'43'';80°22'20''
70881;Разъезд № 16-A;НОД-6;70881;48°25'52'';80°27'55''
70882;Каракультас;НОД-6;70882;48°32'58'';80°34'22''
70883;Разъезд № 15-C;НОД-6;70883;48°38'10'';80°39'5''
70890;Жарма;НОД-6;70890;48°42'25'';80°42'57''
70891;Нарбота (рзд);НОД-6;70891;48°47'25'';80°46'17''
70892;Копан-Булак;НОД-6;70892;48°51'58'';80°49'20''
70893;Разъезд № 12;НОД-6;70893;48°55'37'';80°51'45''
70894;Балакты-Коль;НОД-6;70894;49°0'10'';80°54'48''
70895;Желдикара (рзд);НОД-6;70895;49°6'5'';80°58'45''
70900;Жангиз-Тобе;НОД-6;70900;49°11'5'';81°2'5''
70901;Разъезд № 9-A;НОД-6;70901;49°16'3'';80°59'48''
70902;Суырлы;НОД-6;70902;49°21'24'';80°57'19''
70903;Разъезд № 7-B;НОД-6;70903;49°26'22'';80°55'2''
70910;Шар;НОД-6;70910;49°29'3'';80°53'48''
70911;Разъезд № 6-B;НОД-6;70911;49°39'29'';80°42'35''
70913;Шалабай;НОД-5;70913;49°34'5'';81°27'6''
70914;Бурсак;НОД-5;70914;49°36'30'';81°43'4''
70915;Екаша;НОД-5;70915;49°38'23'';81°55'33''
70916;Аиртау;НОД-5;70916;49°41'7'';82°13'35''
70917;Улан;НОД-5;70917;49°43'6'';82°26'46''
70920;Суук-Булак;НОД-6;70920;49°49'55'';80°31'22''
70921;Разъезд № 4-A;НОД-6;70921;49°56'33'';80°28'12''
70922;Дельбегетей;НОД-6;70922;50°3'12'';80°25'2''
70923;Разъезд № 3;НОД-6;70923;50°8'4'';80°22'42''
70924;Шоптыхак;НОД-6;70924;50°14'43'';80°19'32''
70925;Разъезд № 1-B;НОД-6;70925;50°19'35'';80°17'12''
70930;Жана-Семей;НОД-6;70930;50°23'12'';80°16'0''
70931;Жалпак;НОД-6;70931;50°25'19'';79°58'57''
70934;Талдынская;НОД-6;70934;50°26'37'';79°35'2''
70935;Оп 71 км;НОД-6;70935;50°28'18'';79°4'10''
70940;Семипалатинск;НОД-6;70940;50°28'22'';80°20'30''
70950;Семипалатинск-Грузовой;НОД-6;70940;50°28'22'';80°20'30''
70951;Дюсакен;НОД-6;70951;50°35'33'';80°24'21''
70960;Чаган;НОД-6;70960;50°29'18'';78°48'6''
70970;Дегелен (бывш. Конечная);НОД-6;70970;50°34'3'';78°1'20''
70980;Куль;НОД-6;70980;50°28'24'';79°2'10''
70990;Сарыжал;НОД-5;70990;49°31'3'';81°6'59''
71000;Разъезд 21 км;НОД-6;71000;47°58'17'';80°19'40''
71020;Теректи (рзд);НОД-11;71020;45°32'13'';55°34'54''
71030;Алтай (рзд);НОД-11;71030;45°24'26'';55°21'34''
71070;Сам;НОД-11;71070;45°39'43'';55°47'14''
71080;Ногайты (рзд);НОД-11;71080;45°47'29'';56°0'54''
71090;Сарша (рзд);НОД-11;71090;46°1'26'';56°25'21''
71100;Локоть;НОД-6;71100;51°21'43'';80°54'6''
71110;Локоть (эксп. на Рубцовск);НОД-6;71100;51°21'43'';80°54'6''
71120;Аул;НОД-6;71120;50°58'33'';80°44'30''
71130;Локоть (эксп. на Малиновое Озеро);НОД-6;71100;51°21'43'';80°54'6''
71139;Обг. Пункт №  41;НОД-6;71139;50°53'2'';80°37'50''
71140;Пп 594 км;НОД-6;71140;50°49'34'';80°34'22''
71150;Бель-Агач;НОД-6;71150;50°46'34'';80°31'0''
71160;Ремовская;НОД-5;71160;51°0'26'';81°11'53''
71161;Сосновый (рзд);НОД-5;71161;51°12'28'';81°1'50''
71170;Неверовская;НОД-5;71170;50°52'14'';81°24'40''
71180;Масальская;НОД-5;71180;50°48'45'';81°31'35''
71190;Третьяково;НОД-5;71190;50°44'18'';81°38'55''
71191;Казахстанский (рзд);НОД-5;71191;50°42'17'';81°40'11''
71210;Шемонаиха;НОД-5;71210;50°40'25'';81°41'21''
71220;Усть-Таловка;НОД-5;71220;50°33'40'';81°41'28''
71230;Рулиха;НОД-5;71230;50°26'19'';81°42'50''
71240;Фестивальная;НОД-5;71240;50°18'2'';82°3'17''
71250;Аврора;НОД-5;71250;50°15'48'';82°4'12''
71260;Предгорная;НОД-5;71260;50°12'4'';82°4'18''
71270;Иртышский Завод;НОД-5;71270;50°8'47'';82°5'26''
71280;Глубочанка;НОД-5;71280;50°7'11'';82°7'12''
71290;Казиевка;НОД-5;71290;50°5'0'';82°10'41''
71300;Защита;НОД-5;71300;49°57'20'';82°25'25''
71310;Коршуново;НОД-5;71310;50°1'39'';82°44'38''
71320;Турыш;НОД-11;71320;45°54'46'';56°13'9''
71330;Ульба-Перевалочная;НОД-5;71330;50°8'11'';82°57'36''
71340;Черемшанка;НОД-5;71340;50°13'5'';83°7'42''
71350;Тишинская;НОД-5;71350;50°15'29'';83°13'31''
71360;Лениногорск;НОД-5;71360;50°20'58'';83°23'16''
71370;Усть-Каменогорск;НОД-5;71370;49°50'45'';82°31'20''
71380;Новоустькаменогорск;НОД-5;71380;49°44'53'';82°38'34''
71383;Ермаковка;НОД-5;71383;49°43'20'';82°44'23''
71390;Усть-Каменогорск (перев.);НОД-5;71390;49°52'44'';82°40'7''
71400;Огневка;НОД-5;71400;49°41'24'';82°51'39''
71401;Оп 76 км;НОД-5;71401;49°41'28'';82°58'54''
71410;Серебрянка;НОД-5;71410;49°41'35'';83°14'27''
71413;Селезневка;НОД-5;71413;49°41'38'';83°27'36''
71420;Бухтарма;НОД-5;71420;49°41'32'';83°35'40''
71430;Заводинка;НОД-5;71430;49°45'24'';83°46'20''
71431;Оп 148 км;НОД-5;71431;49°46'31'';83°48'4''
71440;Бухтарма (перев.);НОД-5;71440;49°35'57'';83°42'29''
71450;Тургусун;НОД-5;71450;49°49'30'';83°52'43''
71451;Оп 174 км;НОД-5;71451;49°46'30'';83°58'6''
71460;Зыряновск;НОД-5;71460;49°43'30'';84°3'29''
71470;Жаркум (рзд);НОД-11;71470;46°8'35'';56°38'24''
71480;РАЗЪЕЗД 18;НОД-4;71480;47°4'34'';61°51'40''
71490;РАЗЪЕЗД 4;НОД-4;71490;47°41'35'';66°24'34''
71510;ЛУГОВАЯ-ЭКСП(В_КАЗА;НОД-8;70450;42°59'12'';72°43'5''
81020;ИЛЕЦК_I-ЭКСП_РФ.;НОД-12;66690;51°15'47'';54°56'45''
84330;ЛОКОТЬ-ЭКСП_РФ;НОД-6;71100;51°21'43'';80°54'6''
84530;ЛОКОТЬ-ЭКСП_РФ;НОД-6;71100;51°21'43'';80°54'6''